,post_text
0,"Chambre salon a l'Ã©tage a l'intÃ©rieur du quartier de Gonzague ville motard petit paris
Loyer motard
Tel 0103901766"
1,"- Grand Studio amÃ©ricain disponible Ã  marcory remblais au 1 er Ã©tage DWC, cuisine, placard,grand balcon vide
NB: VIDÃ‰O DISPONIBLE
LOYER:125.000f

- Grand Studio amÃ©ricain disponible Ã  Koumassi remblais carrefourPlus colombe au rez-de-chaussÃ©e DWC, cuisine, placard, vide
LOYER : 100.000f

- Appartement 3 piÃ¨ces disponible Ã  marcory remblais au 1 er Ã©tage 2 douches, 2 wc, cuisine, placard ,balcon intÃ©rieur
NB: VIDÃ‰O DISPONIBLE
LOYER : 175.000f
CONTACT :07-49-38-16-96/05-85-35-69-10"
2,"Ma cliente veut un studio au 2 plateaux Gonzague
0500309770
Urgent"
3,"2 piÃ¨ces 170000f situÃ© Ã  angre 7e tranche derriÃ¨re le 22e arrondissement
Loyer:170000f
05-56-48-83-02
Nb: une seule salle d'eau."
4,"AngrÃ© chÃ¢teau secteur institut thÃ©ologie accÃ¨s super facile

Un grand studio amÃ©ricain de haut standing camÃ©ra de surveillance service gardiennage et d'entretien Ã  100%

Loyer 120.000f client voir ils prend viens avec ton direct svp/0709024783"
5,"Appartement 2 piÃ¨ces de 120.000f / 5 mois Ã  angrÃ© chÃ¢teau vers terrain sotra.
/0709024783"
6,"Appartement 2 piÃ¨ces de 120.000f / 5 mois Ã  angrÃ© chÃ¢teau vers terrain sotra.
/0709024783"
7,"En location 2 piÃ¨ces de 45.000f ,de 40.000f,de 50.000f, studio de35.000f, de 30.000f, de 75.000f 2 piÃ¨ces numÃ©ro 0704651768 Ã  port Bouet adjouffou casier quartier belle ville 5 mois de cautions"
8,"Ã€ abobo 4 piÃ¨ces et 3 piÃ¨ces sur un 600m2 ,300m2 occupÃ© et 300m2 libre en garantie pour 10.000.000f et en retour pour 15.000.000f et aussi 500m2 en garantie Ã  Jacques ville Ã  7.000.000f en retour avec 50 pour cent avec ACD pour 1 ans numÃ©ro 0704651768"
9,"Maison basse nouvelle construction ndotre chÃ¢teau dans le quartier situÃ© avant le stade olympique ebimpe prÃªt habiter
*2 piÃ¨ces 40.000f*6 avec placard ya l'eau et courant
*3 piÃ¨ces 90.000f*5 ,2 dwc,cour avant , arriÃ¨re,ya l'eau et courant
0759421468"
10,"YOPOUGON KOWEÃT CITÃ‰ NESTLÃ‰ STUDIO 50.000 OU 45.000 TRAVAUX (0143125105/
0544890758)"
11,"Appartement de 3 piÃ¨ces Ã  140.000 f / 5 mois Ã  angrÃ© chÃ¢teau dans le quartier derriÃ¨re Ã©glise uesso.
0709024783"
12,"Songon kassemblÃ© Villa Ã  partir de 16millions payement:cash,Ã©chelonnÃ© ou prÃªt bancaire logement social
Vente des villas basses prÃªte Ã  Ãªtre HabitÃ©e. TYPE DE VILLA ET PRIX:
ğŸ•³ï¸Villa basse 3piÃ¨ces socialPlus 16.000.000f (150mÂ²)
ğŸ‘‰Villa basse 3piÃ¨ces Ã©co 18.600.000f (170mÂ²)
ğŸ•³ï¸Villa basse de 4piÃ¨ces social 20.000.000f (170mÂ²)
ğŸ‘‰Villa basse de 4piÃ¨ces Ã©co 24.600.000f (200mÂ²) Offre limitÃ©e
NB:-Les maisons sont livrÃ©es clÃ© en mains
-CitÃ© bitumÃ©e
- 10%pour les frais notariÃ©s
-10%pour les prestations des apporteurs d'affaires
-Cash chez le notaire
-Possible de payer sur 2 ans.
â˜ï¸CEL:0101100688"
13,"Songon kassemblÃ© Villa Ã  partir de 16millions payement:cash,Ã©chelonnÃ© ou prÃªt bancaire logement social
Vente des villas basses prÃªte Ã  Ãªtre HabitÃ©e. TYPE DE VILLA ET PRIX:
ğŸ•³ï¸Villa basse 3piÃ¨ces socialPlus 16.000.000f (150mÂ²)
ğŸ‘‰Villa basse 3piÃ¨ces Ã©co 18.600.000f (170mÂ²)
ğŸ•³ï¸Villa basse de 4piÃ¨ces social 20.000.000f (170mÂ²)
ğŸ‘‰Villa basse de 4piÃ¨ces Ã©co 24.600.000f (200mÂ²) Offre limitÃ©e
NB:-Les maisons sont livrÃ©es clÃ© en mains
-CitÃ© bitumÃ©e
- 10%pour les frais notariÃ©s
-10%pour les prestations des apporteurs d'affaires
-Cash chez le notaire
-Possible de payer sur 2 ans.
â˜ï¸CEL:0101100688"
14,"Vente de tringles de rideau et rideaux de qualitÃ©
Contact :0102530862(wattshapp)"
15,LOCATION DE UN TRÃˆS GRAND APPARTEMENT DE 3 PIÃˆCES LOYER MENSUEL 230000F A COCODY RIVIERA PLAMERAI SECTEUR SACRE CÅ’UR TROISIÃˆME Ã‰TAGE PARKING INTERNE AVEC TROIS SALLE D'EAU UNE CUISINE A PROXIMITÃ‰ DU GOUDRON UN GRAND BALCON INDIVIDUEL EN BAIE VITRE LES MODALITÃ‰S 5 MOIS/0709024783
16,"A louer cocody angrÃ© chÃ¢teau un appartement de 3 piÃ¨ces au premier Ã©tage Nouvelle construction avec 3 salles d'eaux parking interne gardiennage 2 balcons
Loyer :200mille
Conditions :5mois
Contact:0709024783
Visite :5mille"
17,"MAISON ğŸ  A LOUER Ã€ YAOU-BONOUA
YAOU NOUVEAU QUARTIER

2 PIÃˆCES
GRANDE CHAMBRE AUTONOME AVEC PLACARDS
UNE CUISINE
UN GRAND SALON
UNE DOUCHE VISITEUR
UNE GRANDE TERRASSE
ZONE PAISIBLE ET SÃ‰CURISÃ‰E

LOYER : 80.000f
Visite : 5000f

â˜ï¸ : +225 0758745844"
18,"Koumassi addoha 3pcs 2eme 160mil 1dwc
Koumassi addoha 4pcs 250mil 2Ã¨me grand propre 3DWC balcon y'a placard dans toutes les chambres.
remblais colombe 200mil 3Ã¨me bien grand propre 2DWC placard balcon l'immeuble habillÃ©
koumassi remblais 5pcs 4dwc placards au 1er 450mil trÃ¨s grand propre situÃ© en bordure de route.
Magasin vers sodeci de marcory bien place grand avec mezzanine 200mil koumassi campement studio 45mil Tel 0101100688"
19,"Maison basse ndotre avocatier en face du stade olympique ebimpe dans le quartier
* Studio 35.000 f*6 avec placard
0759421468"
20,"La maison n'est plus disponible

A LOUER ğŸ  MAISON A BONOUA-YAOU

BONOUA BARRAGE prÃ¨s de la voie principale

3 PIECES
2 CHAMBRES AVEC PLACARDS
SALON
CUISINE
2 DOUCHES WC
TERRASSE
PARKING
ZONE PAISIBLE ET SÃ‰CURISÃ‰E
PRÃˆS DE LA VOIE PRINCIPALE

LOYER : 70.000f

CEL â˜ï¸+225 0758745844 WHATSAPP"
0,"APRES LE SUCCÃˆS DU GROUPE IMMOBILIER ABIDJAN MARCORY - KOUMASSI:

https://www.facebook.com/groups/302210013595513/

WHATSAPP :https://chat.whatsapp.com/DM7eq0zoTcq4Pf076hts9s

REJOIGNEZ-NOUS!!! SUR NOTRE NOUVEAUPlus GROUPE

GROUPE IMMOBILIER ABIDJAN RIVIERA-COCODY-ANGRE-BONOUMIN .

CLIQUEZ SUR LE LIEN ğŸ‘‡ğŸ‘‡ğŸ‘‡

https://chat.whatsapp.com/HCEzvSDiFH94xu3eQTtJJH"
1,"â˜ 07-57-30-18-57
Nous mettons en location jolie et trÃ¨s grand maison ğŸ  3pieces a cocody Riviera faya citÃ© sir. Au 3Ã¨me Ã©tage avec 3dwc ğŸš¿ ğŸš¿ ğŸš¿ et 3 balcons et parking intÃ©rieur plusieurs ğŸš— ğŸš— sÃ©curisÃ© 100% au milieu de 2 voies bitumÃ©. TrÃ¨s grand et aÃ©rÃ© loyer 230.000f 5mois avec les frais visite 5000f."
2,"De trÃ¨s beaux studios disponible Ã  n'dotre en bordure de la voix principale. Compteur d'eau et d'Ã©lectricitÃ© individuel.
Nouvelle construction au rdc ,2e et 3e Ã©tage.
Loyer : 62 mil x 5

Visite : 5000f

0708323285 /0554224864"
3,"CÃ”TE-D'IVOIRE (GRAND-BASSAM)
CENTRE VILLE

LOCATION MAISON BASSE 3 PIÃˆCES COMPOSÃ‰E DE :
âˆš1 GRAND SALON
âˆš2 CHAMBRES
âˆšPLACARD DANS LES CHAMBRES
âˆš1 CUISINE
âˆš1 DOUCHE WC
âˆš1 TERRASSE
ACCÃˆS FACILE ,ZONE PAISIBLE ET SÃ‰CURISÃ‰E

LOYER MENSUEL : 120.000FRS

FRAIS DE VISITE : 5000FRS

â˜ (+225)0708508847//0555160719
WHATSAPP BUSINESS : 0708508847"
4,"ğŸ›‘ TU VEUX FAIRE LE NETTOYAGE DE TA MAISON, LIS CECI ET PROFITE DE NOTRE BONUS ( -15.000 FCFA ) â¬‡ï¸â¬‡ï¸â¬‡ï¸

â¡ï¸ Nous faisons le nettoyage de tout type de propriÃ©tÃ© ( appartements, maisons, immeubles, restaurants, magasins, Ã©coles, maquis, bar, etc..)

-Nettoyage fin de chantier
-Nettoyage avant amÃ©nagement
-Nettoyage aprÃ¨s rÃ©novation
-Nettoyage aprÃ¨sPlus amÃ©nagement

â¡ï¸Nous venons avec tous les produits, accessoires et le matÃ©riel qu'il faut ğŸ¤©

ğŸ›‘ Tarif : Ã  partir de 5.000 et + !!!
( SATISFAIT OU REMBOURSÃ‰ âœ…ï¸ )

ğŸ›‘ VOICI TON BONUS !!!! ğŸ˜± â¬‡ï¸â¬‡ï¸â¬‡ï¸

Jusqu'au 28 FÃ©vrier, vous bÃ©nÃ©ficiez de -15.000 fcfa sur toutes nos prestations !!! ğŸ˜±

Lieu : Abidjan, Songon, Dabou, Bingerville, Bassam, Assinie, AssouindÃ©, Yaou, Assouba, affery, akoupÃ©, Bonoua..

â˜ï¸ Contactez-nous maintenant au 07 99 27 13 00"
5,"ğŸ›‘ TU VEUX FAIRE LE NETTOYAGE DE TA MAISON, LIS CECI ET PROFITE DE NOTRE BONUS ( -15.000 FCFA ) â¬‡ï¸â¬‡ï¸â¬‡ï¸

â¡ï¸ Nous faisons le nettoyage de tout type de propriÃ©tÃ© ( appartements, maisons, immeubles, restaurants, magasins, Ã©coles, maquis, bar, etc..)

-Nettoyage fin de chantier
-Nettoyage avant amÃ©nagement
-Nettoyage aprÃ¨s rÃ©novation
-Nettoyage aprÃ¨sPlus amÃ©nagement

â¡ï¸Nous venons avec tous les produits, accessoires et le matÃ©riel qu'il faut ğŸ¤©

ğŸ›‘ Tarif : Ã  partir de 5.000 et + !!!
( SATISFAIT OU REMBOURSÃ‰ âœ…ï¸ )

ğŸ›‘ VOICI TON BONUS !!!! ğŸ˜± â¬‡ï¸â¬‡ï¸â¬‡ï¸

Jusqu'au 28 FÃ©vrier, vous bÃ©nÃ©ficiez de -15.000 fcfa sur toutes nos prestations !!! ğŸ˜±

Lieu : Abidjan, Songon, Dabou, Bingerville, Bassam, Assinie, AssouindÃ©, Yaou, Assouba, affery, akoupÃ©, Bonoua..

â˜ï¸ Contactez-nous maintenant au 07 99 27 13 00"
6,C'est Mon numÃ©ro WhatsApp contact moi 0584178423
7,"#KOUMASSI_ADDOHA

3 piÃ¨ces meublÃ©es disponibles Ã  Koumassi fanny dans la citÃ© marocaine Adoha.

â˜ï¸0758885618

ğŸ’·ğŸ’· 45.000/ jour actuellement"
8,"ğŸ›‘ TU VEUX FAIRE LE NETTOYAGE DE TA MAISON, LIS CECI ET PROFITE DE NOTRE BONUS ( -15.000 FCFA ) â¬‡ï¸â¬‡ï¸â¬‡ï¸

â¡ï¸ Nous faisons le nettoyage de tout type de propriÃ©tÃ© ( appartements, maisons, immeubles, restaurants, magasins, Ã©coles, maquis, bar, etc..)

-Nettoyage fin de chantier
-Nettoyage avant amÃ©nagement
-Nettoyage aprÃ¨s rÃ©novation
-Nettoyage aprÃ¨sPlus amÃ©nagement

â¡ï¸Nous venons avec tous les produits, accessoires et le matÃ©riel qu'il faut ğŸ¤©

ğŸ›‘ Tarif : Ã  partir de 5.000 et + !!!
( SATISFAIT OU REMBOURSÃ‰ âœ…ï¸ )

ğŸ›‘ VOICI TON BONUS !!!! ğŸ˜± â¬‡ï¸â¬‡ï¸â¬‡ï¸

Jusqu'au 28 FÃ©vrier, vous bÃ©nÃ©ficiez de -15.000 fcfa sur toutes nos prestations !!! ğŸ˜±

Lieu : Abidjan, Songon, Dabou, Bingerville, Bassam, Assinie, AssouindÃ©, Yaou, Assouba, affery, akoupÃ©, Bonoua..

â˜ï¸ Contactez-nous maintenant au 07 99 27 13 00"
9,"Cave - Bar Ã  cÃ©der Ã  Koumassi SIGOGI Non loin de 5 Ã¨me Dimension accÃ¨s facile.

Loyer : 70.000 FCFA

Prix de cession : 6 millions.

Images disponible Ã  la demande.

ğŸ“ 0103269816"
10,"Nouvelle construction .

Nouvelle construction .

A louÃ© a louÃ© koumassi Zone industrielle ( Soweto) des 2 piÃ¨ces de 80.000 fr disponible au 3 Ã¨me Ã©tage avec dwc cuisine .

Loyer . 80.000 fr

Caution . 5 mois

A louÃ© a louÃ© koumassi Zone industrielle ( Soweto) un studio de 65.000 fr disponible au 3 Ã¨me Ã©tage avec balcon dwc cuisine.

Loyer . 65.000 fr

Caution . 5 mois

En finition pour la fin du mois .

Contact . 07 49 90 87 83 WhatsApp/ 05 84 78 61 92 Mr Coulibaly."
11,"PAYEMENT : Cash, Ã©chelonnÃ© ou prÃªt bancaire

A VENDRE des villas basse a Songon kassemblÃ© prÃ©cisÃ©ment au carrefour du pharmacie kassemblÃ©.
voici les prix : ğŸ‘‡ğŸ¾ğŸ‘‡ğŸ¾ğŸ‘‡ğŸ¾
Non negociable :
-Villa basse de 3 piÃ¨ces social a 16 000 000 (150mÂ²)
-Villa basse de 3 piÃ¨ces Ã©conomique a 18 600 000 (170mÂ²)
-Villa basse de 4 piÃ¨ces social a 20 000 000Plus (170mÂ²)
-Villa basse de 4 piÃ¨ces Ã©conomique a 24 600 00 (200mÂ²)

Offre limitÃ©e
NB: - Les maisons sont livrÃ©s clÃ© en mains
- CitÃ© bitumÃ©e
- 10% pour les frais notariÃ©s
- Cash chez le notaire
- Possible de payer sur 2 ans

PrÃ©voir les frais de visite 5000f
Agent commercial Yapo Ingrid
07 09 89 90 47 WhatsApp / 01 42 30 76 31."
12,"Chambre salon; Studio entrÃ©e couchÃ© Ã  partir de 35000 vous Ãªtes logÃ©
0505075954
Visite 5000"
13,"Prix 3 200 000f nÃ©gociable
WhatsApp
07 48112569"
14,"Nouvelle construction

A louer 3piece disponible Ã  koumassi remblais au 2eme Ã©tage bien propre 2dwc placard avec un balcon et aussi un chauffe eau installÃ©

Loyer 200.000fr

NB : vidÃ©o disponible

â˜ï¸ 07-07-77-86-20"
15,"Plus besoin de vous soucier pour vos problÃ¨mes de tÃ©lÃ©commande
La maison de la tÃ©lÃ©commande met Ã  votre disposition des tÃ©lÃ©commandes originales et de toutes les marques
Watsapp 0788054746"
16,iPhone 5s neuf dans carton 16Gb avec emprunte et garantie. WhatsApp â˜ï¸ 0700895131. Prix 35000. Livraison possible Ã  Abidjan
17,"ğŸ˜ğŸ¥³ goÃ»t de Ã§a ğŸƒğŸ½ğŸƒğŸ½ğŸƒğŸ½

magasin Ã  cÃ©dÃ© dans la zone de koumassi

bien situÃ© la photo parle dâ€™elle mÃªme

Prix : 15 Millions

whatsapp : 0789212029

â˜ï¸ : 0789212029

Visite : 5000 fR"
18,"ğŸ˜±ğŸ˜±Nouvel Arrivage Hair Dryer

ğŸ”´Haute qualitÃ© Ã©lectrique
ğŸ”´Haute vitesse 5 en 1 salon ğŸ”´220v ac moteur
ğŸ”´SÃ¨che cheveux
A ions nÃ©gatif
ğŸ”´Contact 0787444503 WhatsApp
ğŸ”´Prix 22500f."
19,"IL EST MIS EN VENTE DES VILLAS DUPLEX DE 04 PIÃˆCES AVEC TOUTES LES COMMODITÃ‰S REQUISES DANS UNE MINI CITÃ‰. NOUVELLE CONSTRUCTION
ğŸ”´ 03 GRANDES CHAMBRES AUTONOMES.
ğŸ”´ DOUCHE VISITEURS
ğŸ”´ GARAGE
LE TOUT BÃ‚TI SUR UNE SUPERFICIE DE 200M2
ğŸ”´ SITUATION GÃ‰OGRAPHIQUE : COCODY ANGRE NOUVEAU CHU /FAYA CITÃ‰ SIR
ğŸ”´NB: VILLAS LIVRÃ‰ES FINIES AVEC TOUT LE NÃ‰CESSAIRE (Plus CARREAUX, SANITAIRES, PORTES. ETC...)
ğŸ”´ RÃ‰SERVATION 50% DU PRIX DE LA MAISON Ã€ LA SIGNATURE ET 50% Ã€ LA REMISE DES CLÃ‰S.
ğŸ”´ DÃ‰LAI DE LIVRAISON : 03 OU 04 MOIS MAXIMUM
ğŸ”´ VOUS ÃŠTES SATISFAIT OU REMBOURSER

Contact 0759428062
PRIX 45 MILLIONS Ko"
20,"Nous mettons Ã  votre disposition un studio meublÃ© Ã  Treichville CITÃ‰ DOUANE.
Une citÃ© calme propre et SÃ‰CURISÃ‰E situÃ©e non loin de la gare de bassam
Passez nous voir pour vos courts et longs sÃ©jours

Tarif: 15.000 / nuitÃ©e avec clim
10.000 / nuitÃ©e avec ventilateur
A partir de 3 nuitÃ©es minimum
Infos : 0505-213-517"
0,"Studio amÃ©ricain prÃ¨s Ã  habiter a portbouet carrefour chiens 50mille

0759620121"
1,"â— Ã€ louer un grand studio avec toute les commoditÃ©s en maison basse sis Ã  Koumassi BIA-SUD sogephia

Loyer : 60.000fr

01 01 14 04 12"
2,"Appartement 3 piÃ¨ces disponible Ã  Marcory remblais au 2 Ã¨me Ã©tage avec 1 Dwc millieu ( maison en rÃ©novation )

Loyer : 160.000 FCFA

Visite possible actuellement.

ğŸ“ 0103269816"
3,"A louer koumassi Remblais studio aux rez de chausse douche cuisine wc placard conditions 5mois vide

Louyer :100mill
05 00 78 30 77 /05 44 47 29 91"
4,"Ã€ louer un grand studio avec toute les commoditÃ© ( douche , cusine ,placard ) au 3Ã¨me Ã©tage sis Ã  Koumassi quartier divo carrefour hÃ´pital ğŸ¥ dans un bÃ¢timent propre et sÃ©curisÃ©

Loyer : 80.000 fr

01 50 35 90 04"
5,"â— Ã€ louer un grand studio avec toute les commoditÃ©s en maison basse sis Ã  Koumassi BIA-SUD sogephia

Loyer : 60.000fr

01 01 14 04 12"
6,"â— Ã€ louer un grand studio avec toute les commoditÃ©s en maison basse sis Ã  Koumassi BIA-SUD sogephia

Loyer : 60.000fr

01 01 14 04 12"
7,"â— Ã€ louer un grand studio avec toute les commoditÃ©s en maison basse sis Ã  Koumassi BIA-SUD sogephia

Loyer : 60.000fr

01 01 14 04 12"
8,"â— Ã€ louer un grand studio avec toute les commoditÃ©s en maison basse sis Ã  Koumassi BIA-SUD sogephia

Loyer : 60.000fr

01 01 14 04 12"
9,"â— Ã€ louer un grand studio avec toute les commoditÃ©s en maison basse sis Ã  Koumassi BIA-SUD sogephia

Loyer : 60.000fr

01 01 14 04 12"
10,"â— Ã€ louer un grand studio avec toute les commoditÃ©s en maison basse sis Ã  Koumassi BIA-SUD sogephia

Loyer : 60.000fr

01 01 14 04 12"
11,"â— Ã€ louer un grand studio avec toute les commoditÃ©s en maison basse sis Ã  Koumassi BIA-SUD sogephia

Loyer : 60.000fr

01 01 14 04 12"
12,"â— Ã€ louer un grand studio avec toute les commoditÃ©s en maison basse sis Ã  Koumassi BIA-SUD sogephia

Loyer : 60.000fr

01 01 14 04 12"
13,"â— Ã€ louer un grand studio avec toute les commoditÃ©s en maison basse sis Ã  Koumassi BIA-SUD sogephia

Loyer : 60.000fr

01 01 14 04 12"
14,"â— Ã€ louer un grand studio avec toute les commoditÃ©s en maison basse sis Ã  Koumassi BIA-SUD sogephia

Loyer : 60.000fr

01 01 14 04 12"
15,Je cherche studio amÃ©ricain hooo marcory budget 50 Ã  60 mille urgent...je suis prÃªt.
16,"â— Ã€ louer un grand studio avec toute les commoditÃ©s en maison basse sis Ã  Koumassi BIA-SUD sogephia

Loyer : 60.000fr

01 01 14 04 12"
17,"â— Ã€ louer un grand studio avec toute les commoditÃ©s en maison basse sis Ã  Koumassi BIA-SUD sogephia

Loyer : 60.000fr

01 01 14 04 12"
18,"Ã€ louer un grand studio avec toute les commoditÃ© ( douche , cusine ,placard ) au 3Ã¨me Ã©tage sis Ã  Koumassi quartier divo carrefour hÃ´pital ğŸ¥ dans un bÃ¢timent propre et sÃ©curisÃ©

Loyer : 80.000 fr

01 50 35 90 04"
19,"A louer koumassi ver pharmacie Bethani 2pieces aux 2em ,3em aveck balcon vitre 2douche 2wc cuisine placard nouvelle construction conditions 5mois

Louyer :150 mill
05 00 78 30 77 /05 44 47 29 91"
